Title,Offered_by,Domain,Duration,Price,combined_features
Foundations of A.I.,Prag Robotics,Artificial Intelligence,7 hours 38 minutes,4570.0,Foundations of A.I. Prag Robotics Artificial Intelligence 7 hours 38 minutes 4570.0
Fullstack Python,RISE,"Web, Mobile Development & Marketing",350 hours,0.0,"Fullstack Python RISE Web, Mobile Development & Marketing 350 hours 0.0"
Fullstack Java,RISE,"Web, Mobile Development & Marketing",350 hours,0.0,"Fullstack Java RISE Web, Mobile Development & Marketing 350 hours 0.0"
Data Science & AI Certification,Inttrvu.ai,Big Data Analytics,126 hours,69000.0,Data Science & AI Certification Inttrvu.ai Big Data Analytics 126 hours 69000.0
Business Writing That Works,WhiteBoard Labs,Effective Communication,12 hours,900.0,Business Writing That Works WhiteBoard Labs Effective Communication 12 hours 900.0
Neuro-Linguistic Programming,WhiteBoard Labs,Effective Communication,20 hours,500.0,Neuro-Linguistic Programming WhiteBoard Labs Effective Communication 20 hours 500.0
Buzz Phrase Synthesizer Tool,WhiteBoard Labs,Effective Communication,30 minutes,60.0,Buzz Phrase Synthesizer Tool WhiteBoard Labs Effective Communication 30 minutes 60.0
Ladder of Abstraction,WhiteBoard Labs,Digital Leadership,9 minutes,0.0,Ladder of Abstraction WhiteBoard Labs Digital Leadership 9 minutes 0.0
Effective Delegation,WhiteBoard Labs,Digital Leadership,30 minutes,0.0,Effective Delegation WhiteBoard Labs Digital Leadership 30 minutes 0.0
Accountability and Responsibility,WhiteBoard Labs,Influencing and Negotiation,12 hours,300.0,Accountability and Responsibility WhiteBoard Labs Influencing and Negotiation 12 hours 300.0
English Language Speaking Lab,WhiteBoard Labs,Effective Communication,40 hours,900.0,English Language Speaking Lab WhiteBoard Labs Effective Communication 40 hours 900.0
Microsoft Azure AI Fundamentals: Generative AI,Microsoft,Artificial Intelligence,2 hours 51 minutes,0.0,Microsoft Azure AI Fundamentals: Generative AI Microsoft Artificial Intelligence 2 hours 51 minutes 0.0
Copilot Foundations,Microsoft,Artificial Intelligence,3 hours 52 minutes,0.0,Copilot Foundations Microsoft Artificial Intelligence 3 hours 52 minutes 0.0
"Cisco Certified Network Associate - Entreprise Networking, Security and Automation",CISCO,Cybersecurity,70 hours,12000.0,"Cisco Certified Network Associate - Entreprise Networking, Security and Automation CISCO Cybersecurity 70 hours 12000.0"
"Cisco Certified Network Associate - Switching, Routing and Wireless Essentials",CISCO,Cybersecurity,70 hours,12000.0,"Cisco Certified Network Associate - Switching, Routing and Wireless Essentials CISCO Cybersecurity 70 hours 12000.0"
Introduction to Modern AI,CISCO,Artificial Intelligence,6 hours,0.0,Introduction to Modern AI CISCO Artificial Intelligence 6 hours 0.0
Cisco Certified Network Associate - Introduction to Networks,CISCO,Cybersecurity,70 hours,12000.0,Cisco Certified Network Associate - Introduction to Networks CISCO Cybersecurity 70 hours 12000.0
Introduction to IoT and Digital Transformation,CISCO,Internet Of Things,6 hours,0.0,Introduction to IoT and Digital Transformation CISCO Internet Of Things 6 hours 0.0
CyberOps Associate,CISCO,Cybersecurity,70 hours,12000.0,CyberOps Associate CISCO Cybersecurity 70 hours 12000.0
Networking Basics,CISCO,Cybersecurity,22 hours,0.0,Networking Basics CISCO Cybersecurity 22 hours 0.0
Verilog HDL,Maven Silicon,Semiconductors,25 hours,999.0,Verilog HDL Maven Silicon Semiconductors 25 hours 999.0
Foundation - Embedded C programming,Maven Silicon,Semiconductors,35 hours,699.0,Foundation - Embedded C programming Maven Silicon Semiconductors 35 hours 699.0
Semiconductors - VLSI & Embedded Systems Overview,Maven Silicon,Semiconductors,9 hours,0.0,Semiconductors - VLSI & Embedded Systems Overview Maven Silicon Semiconductors 9 hours 0.0
Advanced VLSI Design and Verification,Maven Silicon,Semiconductors,900 hours,19999.0,Advanced VLSI Design and Verification Maven Silicon Semiconductors 900 hours 19999.0
VLSI SoC Design using Verilog HDL,Maven Silicon,Semiconductors,15 hours,699.0,VLSI SoC Design using Verilog HDL Maven Silicon Semiconductors 15 hours 699.0
VLSI Design Methodologies,Maven Silicon,Semiconductors,45 hours,1999.0,VLSI Design Methodologies Maven Silicon Semiconductors 45 hours 1999.0
Foundation - Embedded System Design,Maven Silicon,Semiconductors,9 hours,499.0,Foundation - Embedded System Design Maven Silicon Semiconductors 9 hours 499.0
VHDL for SOC - FPGA Design,Cranes Varsity,Semiconductors,20 hours,4000.0,VHDL for SOC - FPGA Design Cranes Varsity Semiconductors 20 hours 4000.0
RTL Design Using Verilog,Cranes Varsity,Semiconductors,20 hours,4099.0,RTL Design Using Verilog Cranes Varsity Semiconductors 20 hours 4099.0
FPGA,Cranes Varsity,Semiconductors,20 hours,10000.0,FPGA Cranes Varsity Semiconductors 20 hours 10000.0
Design Verification Using System Verilog,Cranes Varsity,Semiconductors,20 hours,4099.0,Design Verification Using System Verilog Cranes Varsity Semiconductors 20 hours 4099.0
PMI-PMP,SFJ BUSINESS SOLUTIONS,Project Management,35 hours,15000.0,PMI-PMP SFJ BUSINESS SOLUTIONS Project Management 35 hours 15000.0
Prince 2 Foundation,SFJ BUSINESS SOLUTIONS,Project Management,16 hours,12000.0,Prince 2 Foundation SFJ BUSINESS SOLUTIONS Project Management 16 hours 12000.0
ITIL 4 Foundation,SFJ BUSINESS SOLUTIONS,Program Management,16 hours,10000.0,ITIL 4 Foundation SFJ BUSINESS SOLUTIONS Program Management 16 hours 10000.0
Digital Design and Verification,Edveon,Semiconductors,600 hours,0.0,Digital Design and Verification Edveon Semiconductors 600 hours 0.0
Strategic Thinking,Arthsetu,Creative Problem Solving & Critical Thinking,40 hours,20000.0,Strategic Thinking Arthsetu Creative Problem Solving & Critical Thinking 40 hours 20000.0
Personality Development,Arthsetu,Influencing and Negotiation,40 hours,11000.0,Personality Development Arthsetu Influencing and Negotiation 40 hours 11000.0
Public Speaking,Arthsetu,Influencing and Negotiation,40 hours,11000.0,Public Speaking Arthsetu Influencing and Negotiation 40 hours 11000.0
Salesforce AI and Data Cloud master,Salesforce,Artificial Intelligence,44 hours 30 minutes,0.0,Salesforce AI and Data Cloud master Salesforce Artificial Intelligence 44 hours 30 minutes 0.0
Modern Business Intelligence with No-Code AI,Emly Labs Academy,Artificial Intelligence,120 hours,15999.5,Modern Business Intelligence with No-Code AI Emly Labs Academy Artificial Intelligence 120 hours 15999.5
Communication Skills,Arthsetu,Influencing and Negotiation,40 hours,16000.0,Communication Skills Arthsetu Influencing and Negotiation 40 hours 16000.0
TOEFL- Test of English as a Foreign Language,Arthsetu,Influencing and Negotiation,672 hours,7500.0,TOEFL- Test of English as a Foreign Language Arthsetu Influencing and Negotiation 672 hours 7500.0
RISC-V based MYTH (Microprocessor for You in Thirty Hours),VSD,Semiconductors,240 hours,2124.0,RISC-V based MYTH (Microprocessor for You in Thirty Hours) VSD Semiconductors 240 hours 2124.0
Introduction on Generative AI – Artificial intelligence and Machine Learning,SFJ BUSINESS SOLUTIONS,Artificial Intelligence,15 hours,0.0,Introduction on Generative AI – Artificial intelligence and Machine Learning SFJ BUSINESS SOLUTIONS Artificial Intelligence 15 hours 0.0
Introduction of Cloud Computing,SFJ BUSINESS SOLUTIONS,Cloud Computing,12 hours,0.0,Introduction of Cloud Computing SFJ BUSINESS SOLUTIONS Cloud Computing 12 hours 0.0
Generative AI – Artificial intelligence and Machine Learning,SFJ BUSINESS SOLUTIONS,Artificial Intelligence,50 hours,25000.0,Generative AI – Artificial intelligence and Machine Learning SFJ BUSINESS SOLUTIONS Artificial Intelligence 50 hours 25000.0
Snowflake Platform Training,Snowflake,Big Data Analytics,8 hours,0.0,Snowflake Platform Training Snowflake Big Data Analytics 8 hours 0.0
Snowflake Hands-on Essentials Series Part 5 - Data Engineering,Snowflake,Big Data Analytics,8 hours,0.0,Snowflake Hands-on Essentials Series Part 5 - Data Engineering Snowflake Big Data Analytics 8 hours 0.0
Snowflake Hands-on Essentials Series Part 4 - Data Lake,Snowflake,Big Data Analytics,8 hours,0.0,Snowflake Hands-on Essentials Series Part 4 - Data Lake Snowflake Big Data Analytics 8 hours 0.0
Snowflake Hands-on Essentials Series Part 3 - Data Application,Snowflake,Big Data Analytics,8 hours,0.0,Snowflake Hands-on Essentials Series Part 3 - Data Application Snowflake Big Data Analytics 8 hours 0.0
"Snowflake Hands-on Essentials Series Part 2 - Collaboration, Marketplace and Cost Estimation",Snowflake,Big Data Analytics,8 hours,0.0,"Snowflake Hands-on Essentials Series Part 2 - Collaboration, Marketplace and Cost Estimation Snowflake Big Data Analytics 8 hours 0.0"
Snowflake Hands-on Essentials Series Part 1 - Data Warehousing,Snowflake,Big Data Analytics,8 hours,0.0,Snowflake Hands-on Essentials Series Part 1 - Data Warehousing Snowflake Big Data Analytics 8 hours 0.0
Data Science & Analytics,PrepInsta an Adda 247 Company,Big Data Analytics,40 hours,3999.0,Data Science & Analytics PrepInsta an Adda 247 Company Big Data Analytics 40 hours 3999.0
EXIN BCS Cloud Computing Foundation - powered by CTPL.io,Creanovation Technologies,Cloud Computing,20 hours,6000.0,EXIN BCS Cloud Computing Foundation - powered by CTPL.io Creanovation Technologies Cloud Computing 20 hours 6000.0
EXIN BCS Artificial Intelligence Essentials - powered by CTPL.io,Creanovation Technologies,Big Data Analytics,20 hours,6000.0,EXIN BCS Artificial Intelligence Essentials - powered by CTPL.io Creanovation Technologies Big Data Analytics 20 hours 6000.0
Azure Developer Associate (AZ-204) by Microsoft,Microsoft,Cloud Computing,13 hours 45 minutes,0.0,Azure Developer Associate (AZ-204) by Microsoft Microsoft Cloud Computing 13 hours 45 minutes 0.0
Microsoft Power BI Data Analyst (PL-300) by Microsoft,Microsoft,Artificial Intelligence,21 hours 19 minutes,0.0,Microsoft Power BI Data Analyst (PL-300) by Microsoft Microsoft Artificial Intelligence 21 hours 19 minutes 0.0
Azure Administrator Associate (AZ-104) by Microsoft,Microsoft,Cloud Computing,21 hours 21 minutes,0.0,Azure Administrator Associate (AZ-104) by Microsoft Microsoft Cloud Computing 21 hours 21 minutes 0.0
Azure AI Fundamentals (AI-900) by Microsoft,Microsoft,Artificial Intelligence,12 hours 12 minutes,0.0,Azure AI Fundamentals (AI-900) by Microsoft Microsoft Artificial Intelligence 12 hours 12 minutes 0.0
Software Container administration specialist,Red Hat,Cloud Computing,96 hours,60180.0,Software Container administration specialist Red Hat Cloud Computing 96 hours 60180.0
Linux Administrator for Datacentre,Red Hat,Cloud Computing,96 hours,14042.0,Linux Administrator for Datacentre Red Hat Cloud Computing 96 hours 14042.0
Python Developer,Red Hat,Cloud Computing,64 hours,32096.0,Python Developer Red Hat Cloud Computing 64 hours 32096.0
Cloud Essentials,Red Hat,Cloud Computing,30 hours,4720.0,Cloud Essentials Red Hat Cloud Computing 30 hours 4720.0
Building Apps Powered by Generative AI,Innomatics,Artificial Intelligence,30 hours,0.0,Building Apps Powered by Generative AI Innomatics Artificial Intelligence 30 hours 0.0
An Introduction to world of AI with Machine Learning,Innomatics,Artificial Intelligence,30 hours,0.0,An Introduction to world of AI with Machine Learning Innomatics Artificial Intelligence 30 hours 0.0
The Art of Exploring and Analyzing The Data,Innomatics,Big Data Analytics,30 hours,0.0,The Art of Exploring and Analyzing The Data Innomatics Big Data Analytics 30 hours 0.0
Fundamentals of Python For Data Science,Innomatics,Big Data Analytics,30 hours,0.0,Fundamentals of Python For Data Science Innomatics Big Data Analytics 30 hours 0.0
Entrepreneurship Skills - Level One,Skillioma,Continuous Learning,40 hours,4719.0,Entrepreneurship Skills - Level One Skillioma Continuous Learning 40 hours 4719.0
Leadership Skills - Level One,Skillioma,Continuous Learning,40 hours,4719.0,Leadership Skills - Level One Skillioma Continuous Learning 40 hours 4719.0
Power Of Expression - Business Communication,Skillioma,Effective Communication,60 hours,5899.0,Power Of Expression - Business Communication Skillioma Effective Communication 60 hours 5899.0
Competency Of Expression - Communication,Skillioma,Effective Communication,40 hours,1769.0,Competency Of Expression - Communication Skillioma Effective Communication 40 hours 1769.0
Beginning Of Expression - Communication,Skillioma,Effective Communication,40 hours,1769.0,Beginning Of Expression - Communication Skillioma Effective Communication 40 hours 1769.0
Certification Program in Generative Artificial Intelligence,Q Academy,Artificial Intelligence,90 hours,11799.0,Certification Program in Generative Artificial Intelligence Q Academy Artificial Intelligence 90 hours 11799.0
Certificate program in Full Stack Java,ExcelR ,"Web, Mobile Development & Marketing",30 hours,1250.0,"Certificate program in Full Stack Java ExcelR  Web, Mobile Development & Marketing 30 hours 1250.0"
Certificate program in Testing Tools / Selenium with Java & Python /API Testing,ExcelR ,"Web, Mobile Development & Marketing",30 hours,0.0,"Certificate program in Testing Tools / Selenium with Java & Python /API Testing ExcelR  Web, Mobile Development & Marketing 30 hours 0.0"
Certificate program in MERN Stack,ExcelR ,"Web, Mobile Development & Marketing",30 hours,0.0,"Certificate program in MERN Stack ExcelR  Web, Mobile Development & Marketing 30 hours 0.0"
Certificate program in Microsoft Business Intelligence/ Power BI,ExcelR ,Artificial Intelligence,30 hours,1250.0,Certificate program in Microsoft Business Intelligence/ Power BI ExcelR  Artificial Intelligence 30 hours 1250.0
Certificate program in React JS,ExcelR ,"Web, Mobile Development & Marketing",30 hours,0.0,"Certificate program in React JS ExcelR  Web, Mobile Development & Marketing 30 hours 0.0"
Certificate program in Mobile App Development,ExcelR ,"Web, Mobile Development & Marketing",30 hours,0.0,"Certificate program in Mobile App Development ExcelR  Web, Mobile Development & Marketing 30 hours 0.0"
Certificate program in Cloud Computing Engineering (Azure / AWS),ExcelR ,Cloud Computing,30 hours,0.0,Certificate program in Cloud Computing Engineering (Azure / AWS) ExcelR  Cloud Computing 30 hours 0.0
Certificate program in Java Programming,ExcelR ,"Web, Mobile Development & Marketing",30 hours,1250.0,"Certificate program in Java Programming ExcelR  Web, Mobile Development & Marketing 30 hours 1250.0"
Certificate Program in Python / Python Django,ExcelR ,"Web, Mobile Development & Marketing",30 hours,0.0,"Certificate Program in Python / Python Django ExcelR  Web, Mobile Development & Marketing 30 hours 0.0"
Certificate program in Web Development / Java script,ExcelR ,"Web, Mobile Development & Marketing",30 hours,1250.0,"Certificate program in Web Development / Java script ExcelR  Web, Mobile Development & Marketing 30 hours 1250.0"
Certificate program in Prompt Engineering and ChatGPT,ExcelR ,Artificial Intelligence,30 hours,0.0,Certificate program in Prompt Engineering and ChatGPT ExcelR  Artificial Intelligence 30 hours 0.0
Certificate Program in Python Full Stack,ExcelR ,"Web, Mobile Development & Marketing",30 hours,1250.0,"Certificate Program in Python Full Stack ExcelR  Web, Mobile Development & Marketing 30 hours 1250.0"
Certificate Program in Artificial Intelligence & Machine Learning,ExcelR ,Artificial Intelligence,30 hours,0.0,Certificate Program in Artificial Intelligence & Machine Learning ExcelR  Artificial Intelligence 30 hours 0.0
Certificate program in Deep Learning / NLP / Artificial Intelligence,ExcelR ,Artificial Intelligence,30 hours,0.0,Certificate program in Deep Learning / NLP / Artificial Intelligence ExcelR  Artificial Intelligence 30 hours 0.0
Certificate program in Business Intelligence,ExcelR ,Artificial Intelligence,30 hours,1250.0,Certificate program in Business Intelligence ExcelR  Artificial Intelligence 30 hours 1250.0
Certificate program in Data Analytics,ExcelR ,Artificial Intelligence,30 hours,1250.0,Certificate program in Data Analytics ExcelR  Artificial Intelligence 30 hours 1250.0
Certificate program in Data Science & Machine Learning,ExcelR ,Artificial Intelligence,30 hours,1250.0,Certificate program in Data Science & Machine Learning ExcelR  Artificial Intelligence 30 hours 1250.0
Digital Marketing Associate,ExcelR ,"Web, Mobile Development & Marketing",30 hours,1250.0,"Digital Marketing Associate ExcelR  Web, Mobile Development & Marketing 30 hours 1250.0"
Packaging- Fundamentals of Design and Testing,VLSI SYSTEM DESIGN,Semiconductors,40 hours,8260.0,Packaging- Fundamentals of Design and Testing VLSI SYSTEM DESIGN Semiconductors 40 hours 8260.0
UiPath Automation Business Analyst Training,UiPath,Robotic Process Automation,35 hours,0.0,UiPath Automation Business Analyst Training UiPath Robotic Process Automation 35 hours 0.0
Python Course,GUVI ,"Web, Mobile Development & Marketing",7 hours,0.0,"Python Course GUVI  Web, Mobile Development & Marketing 7 hours 0.0"
RPA Design and Development,GUVI ,Robotic Process Automation,12 hours,0.0,RPA Design and Development GUVI  Robotic Process Automation 12 hours 0.0
Ethical Hacking,GUVI ,Cybersecurity,3 hours,1769.0,Ethical Hacking GUVI  Cybersecurity 3 hours 1769.0
Cyber Security,GUVI ,Cybersecurity,6 hours,2123.0,Cyber Security GUVI  Cybersecurity 6 hours 2123.0
Advanced Generative AI Program,Innomatics,Artificial Intelligence,60 hours,35000.0,Advanced Generative AI Program Innomatics Artificial Intelligence 60 hours 35000.0
Data Science & GenAI Program For IT Leaders,Innomatics,Artificial Intelligence,170 hours,70800.0,Data Science & GenAI Program For IT Leaders Innomatics Artificial Intelligence 170 hours 70800.0
Customer Service,WhiteBoard Labs,Artificial Intelligence,90 hours,7080.0,Customer Service WhiteBoard Labs Artificial Intelligence 90 hours 7080.0
Retail Management 4.0,WhiteBoard Labs,Artificial Intelligence,120 hours,5900.0,Retail Management 4.0 WhiteBoard Labs Artificial Intelligence 120 hours 5900.0
Supply Chain 4.0,WhiteBoard Labs,Artificial Intelligence,120 hours,5900.0,Supply Chain 4.0 WhiteBoard Labs Artificial Intelligence 120 hours 5900.0
Techtonic FMCG,WhiteBoard Labs,Artificial Intelligence,120 hours,5900.0,Techtonic FMCG WhiteBoard Labs Artificial Intelligence 120 hours 5900.0
E-Commerce Tech,WhiteBoard Labs,"Web, Mobile Development & Marketing",120 hours,5900.0,"E-Commerce Tech WhiteBoard Labs Web, Mobile Development & Marketing 120 hours 5900.0"
Certified Digital Marketing Professional,DataMites,"Web, Mobile Development & Marketing",36 hours,82600.0,"Certified Digital Marketing Professional DataMites Web, Mobile Development & Marketing 36 hours 82600.0"
Artificial Intelligence Foundation,Skillioma,Artificial Intelligence,60 hours,8999.0,Artificial Intelligence Foundation Skillioma Artificial Intelligence 60 hours 8999.0
Python Zero to Hero in Telugu,GUVI ,"Web, Mobile Development & Marketing",17 hours 2 minutes,1494.0,"Python Zero to Hero in Telugu GUVI  Web, Mobile Development & Marketing 17 hours 2 minutes 1494.0"
Python Zero to Hero in Tamil,GUVI ,"Web, Mobile Development & Marketing",17 hours 2 minutes,1494.0,"Python Zero to Hero in Tamil GUVI  Web, Mobile Development & Marketing 17 hours 2 minutes 1494.0"
Python Zero to Hero in Hindi,GUVI ,"Web, Mobile Development & Marketing",17 hours 2 minutes,1494.0,"Python Zero to Hero in Hindi GUVI  Web, Mobile Development & Marketing 17 hours 2 minutes 1494.0"
Python Zero to Hero,GUVI ,"Web, Mobile Development & Marketing",17 hours 31 minutes,1494.0,"Python Zero to Hero GUVI  Web, Mobile Development & Marketing 17 hours 31 minutes 1494.0"
Generative AI in Telugu,GUVI ,Artificial Intelligence,6 hours 15 minutes,1494.0,Generative AI in Telugu GUVI  Artificial Intelligence 6 hours 15 minutes 1494.0
Generative AI in Tamil,GUVI ,Artificial Intelligence,7 hours 37 minutes,1494.0,Generative AI in Tamil GUVI  Artificial Intelligence 7 hours 37 minutes 1494.0
Generative AI in Hindi,GUVI ,Artificial Intelligence,6 hours 12 minutes,1494.0,Generative AI in Hindi GUVI  Artificial Intelligence 6 hours 12 minutes 1494.0
Generative AI,GUVI ,Artificial Intelligence,5 hours 20 minutes,1494.0,Generative AI GUVI  Artificial Intelligence 5 hours 20 minutes 1494.0
Python for Data Science,Cranes Varsity,Artificial Intelligence,30 hours,0.0,Python for Data Science Cranes Varsity Artificial Intelligence 30 hours 0.0
Data Science with AI/ML using Python,Cranes Varsity,Artificial Intelligence,50 hours,9439.0,Data Science with AI/ML using Python Cranes Varsity Artificial Intelligence 50 hours 9439.0
RDBMS for Data Science,Cranes Varsity,Artificial Intelligence,30 hours,0.0,RDBMS for Data Science Cranes Varsity Artificial Intelligence 30 hours 0.0
Certified Data Privacy Analyst CDPA,SkillsDA,Cybersecurity,45 hours,11800.0,Certified Data Privacy Analyst CDPA SkillsDA Cybersecurity 45 hours 11800.0
Advanced Certification In Data Science & AI,AnalytixLabs,Artificial Intelligence,650 hours,82600.0,Advanced Certification In Data Science & AI AnalytixLabs Artificial Intelligence 650 hours 82600.0
Data Visualization & Analytics,AnalytixLabs,Artificial Intelligence,148 hours,29500.0,Data Visualization & Analytics AnalytixLabs Artificial Intelligence 148 hours 29500.0
Course on Life Science and Health Care,360DigiTMG,Artificial Intelligence,8 hours,7079.0,Course on Life Science and Health Care 360DigiTMG Artificial Intelligence 8 hours 7079.0
Work with generative artificial intelligence (AI) models in Azure Machine Learning,Microsoft,Artificial Intelligence,2 hours 26 minutes,0.0,Work with generative artificial intelligence (AI) models in Azure Machine Learning Microsoft Artificial Intelligence 2 hours 26 minutes 0.0
Create computer vision solutions with Azure AI Vision,Microsoft,Artificial Intelligence,5 hours 1 minute,0.0,Create computer vision solutions with Azure AI Vision Microsoft Artificial Intelligence 5 hours 1 minute 0.0
Build a natural language processing solution with Azure AI Language,Microsoft,Artificial Intelligence,7 hours 4 minutes,0.0,Build a natural language processing solution with Azure AI Language Microsoft Artificial Intelligence 7 hours 4 minutes 0.0
Communication Skills for BPM Industry,Wadhwani Foundation,Effective Communication,40 hours,0.0,Communication Skills for BPM Industry Wadhwani Foundation Effective Communication 40 hours 0.0
Master's In Artificial Intelligence,TopMentor,Artificial Intelligence,170 hours,49560.0,Master's In Artificial Intelligence TopMentor Artificial Intelligence 170 hours 49560.0
Master's In Data Science,TopMentor,Artificial Intelligence,120 hours,43660.0,Master's In Data Science TopMentor Artificial Intelligence 120 hours 43660.0
Master's In Data Analytics,TopMentor,Artificial Intelligence,100 hours,37760.0,Master's In Data Analytics TopMentor Artificial Intelligence 100 hours 37760.0
Deep Learning with ML and AI,Datamaze,Artificial Intelligence,200 hours,27730.0,Deep Learning with ML and AI Datamaze Artificial Intelligence 200 hours 27730.0
Machine Learning,TurnIn ,Artificial Intelligence,60 hours,14160.0,Machine Learning TurnIn  Artificial Intelligence 60 hours 14160.0
Google Cloud - Generative AI,Google,Artificial Intelligence,30 hours,0.0,Google Cloud - Generative AI Google Artificial Intelligence 30 hours 0.0
UiPath Automation Developer Professional Training,UiPath,Robotic Process Automation,37 hours,0.0,UiPath Automation Developer Professional Training UiPath Robotic Process Automation 37 hours 0.0
UiPath Automation Developer Associate Training,UiPath,Robotic Process Automation,43 hours,0.0,UiPath Automation Developer Associate Training UiPath Robotic Process Automation 43 hours 0.0
Introduction to Chip Design and Verification,Edveon,Semiconductors,240 hours,1179.0,Introduction to Chip Design and Verification Edveon Semiconductors 240 hours 1179.0
FullStack Web Development: Certification & Internship Program,SuprMentr,"Web, Mobile Development & Marketing",50 hours,4720.0,"FullStack Web Development: Certification & Internship Program SuprMentr Web, Mobile Development & Marketing 50 hours 4720.0"
Professional Course in Data Analytics,360DigiTMG,Artificial Intelligence,200 hours,99592.0,Professional Course in Data Analytics 360DigiTMG Artificial Intelligence 200 hours 99592.0
Post Graduate Program in Data Science and Analytics,FIREBLAZE,Artificial Intelligence,240 hours,84960.0,Post Graduate Program in Data Science and Analytics FIREBLAZE Artificial Intelligence 240 hours 84960.0
Accelerator Program in Business Analytics and Data Science,Hero Vired,Artificial Intelligence,470 hours,295000.0,Accelerator Program in Business Analytics and Data Science Hero Vired Artificial Intelligence 470 hours 295000.0
Data Science Essentials,Bhrighu Academy,Artificial Intelligence,350 hours,53100.0,Data Science Essentials Bhrighu Academy Artificial Intelligence 350 hours 53100.0
Coding 101,Smart Interviews,"Web, Mobile Development & Marketing",40 hours,4999.0,"Coding 101 Smart Interviews Web, Mobile Development & Marketing 40 hours 4999.0"
Digital Entrepreneurship,WhiteBoard Labs,"Web, Mobile Development & Marketing",120 hours,11800.0,"Digital Entrepreneurship WhiteBoard Labs Web, Mobile Development & Marketing 120 hours 11800.0"
Customer Service,WhiteBoard Labs,Collaboration & Team Work,120 hours,7080.0,Customer Service WhiteBoard Labs Collaboration & Team Work 120 hours 7080.0
Leadership 4.0,WhiteBoard Labs,Continuous Learning,25 hours,5900.0,Leadership 4.0 WhiteBoard Labs Continuous Learning 25 hours 5900.0
Sales Pro 4.0,WhiteBoard Labs,"Web, Mobile Development & Marketing",50 hours,5900.0,"Sales Pro 4.0 WhiteBoard Labs Web, Mobile Development & Marketing 50 hours 5900.0"
Human Resource 4.0,WhiteBoard Labs,Digital Leadership,50 hours,5900.0,Human Resource 4.0 WhiteBoard Labs Digital Leadership 50 hours 5900.0
Internet Marketing,WhiteBoard Labs,"Web, Mobile Development & Marketing",25 hours,2950.0,"Internet Marketing WhiteBoard Labs Web, Mobile Development & Marketing 25 hours 2950.0"
"Future of Technology - Intro to AI, Chat GPT and IoT",WhiteBoard Labs,Artificial Intelligence,22 hours,590.0,"Future of Technology - Intro to AI, Chat GPT and IoT WhiteBoard Labs Artificial Intelligence 22 hours 590.0"
Certificate program in Business Analyst,ExcelR ,Artificial Intelligence,120 hours,58999.0,Certificate program in Business Analyst ExcelR  Artificial Intelligence 120 hours 58999.0
Certificate Program in Data Analyst,ExcelR ,Artificial Intelligence,120 hours,53099.0,Certificate Program in Data Analyst ExcelR  Artificial Intelligence 120 hours 53099.0
Tableau,FIXITY EDX ,Artificial Intelligence,18 hours,5899.0,Tableau FIXITY EDX  Artificial Intelligence 18 hours 5899.0
Power BI,FIXITY EDX ,Artificial Intelligence,18 hours,5899.0,Power BI FIXITY EDX  Artificial Intelligence 18 hours 5899.0
Data Analytics Training,FIXITY EDX ,Artificial Intelligence,120 hours,63720.0,Data Analytics Training FIXITY EDX  Artificial Intelligence 120 hours 63720.0
Java Full Stack Developer,FIXITY EDX ,"Web, Mobile Development & Marketing",120 hours,70007.0,"Java Full Stack Developer FIXITY EDX  Web, Mobile Development & Marketing 120 hours 70007.0"
Data Science Masters Program,FIXITY EDX ,Artificial Intelligence,150 hours,131262.0,Data Science Masters Program FIXITY EDX  Artificial Intelligence 150 hours 131262.0
Cloud Architect Master Program,FIXITY EDX ,Cloud Computing,132 hours,191160.0,Cloud Architect Master Program FIXITY EDX  Cloud Computing 132 hours 191160.0
AWS Solutions Architect (Self-paced),CloudThat Technologies,Cloud Computing,52 hours 4 minutes,0.0,AWS Solutions Architect (Self-paced) CloudThat Technologies Cloud Computing 52 hours 4 minutes 0.0
Algorand Blockchain Application Developer,Algorand,Blockchain,20 hours,0.0,Algorand Blockchain Application Developer Algorand Blockchain 20 hours 0.0
Digital VLSI SoC design and planning,VLSI SYSTEM DESIGN,Semiconductors,30 hours,8260.0,Digital VLSI SoC design and planning VLSI SYSTEM DESIGN Semiconductors 30 hours 8260.0
Advance Certificate Program In Generative Artificial Intelligence,Tech GuruCool,Artificial Intelligence,99 hours,108000.0,Advance Certificate Program In Generative Artificial Intelligence Tech GuruCool Artificial Intelligence 99 hours 108000.0
Salesforce Business Analyst Professional,Salesforce,Cloud Computing,26 hours 10 minutes,0.0,Salesforce Business Analyst Professional Salesforce Cloud Computing 26 hours 10 minutes 0.0
Machine Learning - Linear Regression,Analyttica Datalab,Artificial Intelligence,23 hours,0.0,Machine Learning - Linear Regression Analyttica Datalab Artificial Intelligence 23 hours 0.0
Fundamentals of Data Analytics,Analyttica Datalab,Artificial Intelligence,61 hours,0.0,Fundamentals of Data Analytics Analyttica Datalab Artificial Intelligence 61 hours 0.0
Effective Speaking and Listening Skills,Wadhwani Foundation,Effective Communication,10 hours 15 minutes,0.0,Effective Speaking and Listening Skills Wadhwani Foundation Effective Communication 10 hours 15 minutes 0.0
Online Communication & Data Security,Wadhwani Foundation,Effective Communication,8 hours 5 minutes,0.0,Online Communication & Data Security Wadhwani Foundation Effective Communication 8 hours 5 minutes 0.0
Financial Literacy,Wadhwani Foundation,Continuous Learning,6 hours 25 minutes,0.0,Financial Literacy Wadhwani Foundation Continuous Learning 6 hours 25 minutes 0.0
Safety Practices,Wadhwani Foundation,Continuous Learning,2 hours,0.0,Safety Practices Wadhwani Foundation Continuous Learning 2 hours 0.0
Start-up Mindset,Wadhwani Foundation,Creative Problem Solving & Critical Thinking,9 hours,0.0,Start-up Mindset Wadhwani Foundation Creative Problem Solving & Critical Thinking 9 hours 0.0
Problem Solving & Innovation,Wadhwani Foundation,Creative Problem Solving & Critical Thinking,6 hours 45 minutes,0.0,Problem Solving & Innovation Wadhwani Foundation Creative Problem Solving & Critical Thinking 6 hours 45 minutes 0.0
Introduction to Entrepreneurship,Wadhwani Foundation,Creative Problem Solving & Critical Thinking,9 hours,0.0,Introduction to Entrepreneurship Wadhwani Foundation Creative Problem Solving & Critical Thinking 9 hours 0.0
Customer Centricity,Wadhwani Foundation,Continuous Learning,6 hours,0.0,Customer Centricity Wadhwani Foundation Continuous Learning 6 hours 0.0
Professionalism,Wadhwani Foundation,Effective Communication,10 hours 25 minutes,0.0,Professionalism Wadhwani Foundation Effective Communication 10 hours 25 minutes 0.0
Work Productivity Tools,Wadhwani Foundation,Effective Communication,9 hours 3 minutes,0.0,Work Productivity Tools Wadhwani Foundation Effective Communication 9 hours 3 minutes 0.0
Self-Management,Wadhwani Foundation,Effective Communication,8 hours 45 minutes,0.0,Self-Management Wadhwani Foundation Effective Communication 8 hours 45 minutes 0.0
Interpersonal Skills,Wadhwani Foundation,Continuous Learning,11 hours,0.0,Interpersonal Skills Wadhwani Foundation Continuous Learning 11 hours 0.0
Digital Marketing,IACT,"Web, Mobile Development & Marketing",320 hours,21240.0,"Digital Marketing IACT Web, Mobile Development & Marketing 320 hours 21240.0"
Front End Developer,IACT,"Web, Mobile Development & Marketing",320 hours,21240.0,"Front End Developer IACT Web, Mobile Development & Marketing 320 hours 21240.0"
The Machine Learning Pipeline on AWS,CloudThat Technologies,Artificial Intelligence,32 hours,41182.0,The Machine Learning Pipeline on AWS CloudThat Technologies Artificial Intelligence 32 hours 41182.0
Google Cloud Architect Program,Skillup,Cloud Computing,85 hours,64899.0,Google Cloud Architect Program Skillup Cloud Computing 85 hours 64899.0
Mastering the Art of Digital Forensics and Incident Response,SkillsDA,Cybersecurity,45 hours,23600.0,Mastering the Art of Digital Forensics and Incident Response SkillsDA Cybersecurity 45 hours 23600.0
Certified Financial Fraud Investigator,SkillsDA,Cybersecurity,45 hours,11800.0,Certified Financial Fraud Investigator SkillsDA Cybersecurity 45 hours 11800.0
IoT Architecture and Security Threat Management,SkillsDA,Internet Of Things,45 hours,17700.0,IoT Architecture and Security Threat Management SkillsDA Internet Of Things 45 hours 17700.0
Salesforce Administrator Explorer,Salesforce,Cloud Computing,38 hours 25 minutes,0.0,Salesforce Administrator Explorer Salesforce Cloud Computing 38 hours 25 minutes 0.0
Business Analytics Certification Training with Python,Henry Harvin,Artificial Intelligence,32 hours,17700.0,Business Analytics Certification Training with Python Henry Harvin Artificial Intelligence 32 hours 17700.0
AWS Cloud Practitioner Essentials Training (Self-paced),CloudThat Technologies,Cloud Computing,7 hours 10 minutes,0.0,AWS Cloud Practitioner Essentials Training (Self-paced) CloudThat Technologies Cloud Computing 7 hours 10 minutes 0.0
Salesforce Training - Admin and App Builder Certification,Saasguru,Cloud Computing,63 hours,23600.0,Salesforce Training - Admin and App Builder Certification Saasguru Cloud Computing 63 hours 23600.0
Mind Mapping,WhiteBoard Labs,Innovation and Design Thinking,1 hour,0.0,Mind Mapping WhiteBoard Labs Innovation and Design Thinking 1 hour 0.0
Analysing Your Mental Models,WhiteBoard Labs,Influencing and Negotiation,1 hour,0.0,Analysing Your Mental Models WhiteBoard Labs Influencing and Negotiation 1 hour 0.0
Understanding SEO,WhiteBoard Labs,Innovation and Design Thinking,1 hour,0.0,Understanding SEO WhiteBoard Labs Innovation and Design Thinking 1 hour 0.0
Master Course - Women and Leadership,WhiteBoard Labs,Collaboration & Team Work,30 hours,0.0,Master Course - Women and Leadership WhiteBoard Labs Collaboration & Team Work 30 hours 0.0
Creating a Shared Vision,WhiteBoard Labs,Innovation and Design Thinking,1 hour,0.0,Creating a Shared Vision WhiteBoard Labs Innovation and Design Thinking 1 hour 0.0
Problem Solving,WhiteBoard Labs,Innovation and Design Thinking,1 hour,0.0,Problem Solving WhiteBoard Labs Innovation and Design Thinking 1 hour 0.0
Appreciative Feedback,WhiteBoard Labs,Continuous Learning,1 hour,0.0,Appreciative Feedback WhiteBoard Labs Continuous Learning 1 hour 0.0
Force Field Analysis,WhiteBoard Labs,Continuous Learning,1 hour,0.0,Force Field Analysis WhiteBoard Labs Continuous Learning 1 hour 0.0
Fish Bone Analysis,WhiteBoard Labs,Continuous Learning,1 hour,0.0,Fish Bone Analysis WhiteBoard Labs Continuous Learning 1 hour 0.0
Emotional Intelligence: The 6 Sec Model,WhiteBoard Labs,Continuous Learning,1 hour,0.0,Emotional Intelligence: The 6 Sec Model WhiteBoard Labs Continuous Learning 1 hour 0.0
Branding on Social Media,WhiteBoard Labs,Innovation and Design Thinking,1 hour,0.0,Branding on Social Media WhiteBoard Labs Innovation and Design Thinking 1 hour 0.0
Balanced Scorecard,WhiteBoard Labs,Continuous Learning,1 hour,0.0,Balanced Scorecard WhiteBoard Labs Continuous Learning 1 hour 0.0
Elevator Pitch,WhiteBoard Labs,Effective Communication,1 hour,0.0,Elevator Pitch WhiteBoard Labs Effective Communication 1 hour 0.0
Achieving Personal Mastery,WhiteBoard Labs,Effective Communication,1 hour,0.0,Achieving Personal Mastery WhiteBoard Labs Effective Communication 1 hour 0.0
Analysing Change,WhiteBoard Labs,Continuous Learning,1 hour,0.0,Analysing Change WhiteBoard Labs Continuous Learning 1 hour 0.0
Self Presentation,Wadhwani Foundation,Effective Communication,7 hours,0.0,Self Presentation Wadhwani Foundation Effective Communication 7 hours 0.0
Impactful Writing Skills,Wadhwani Foundation,Effective Communication,7 hours,0.0,Impactful Writing Skills Wadhwani Foundation Effective Communication 7 hours 0.0
Application Security - Monitoring and Mitigation,SkillsDA,Cybersecurity,51 hours,5900.0,Application Security - Monitoring and Mitigation SkillsDA Cybersecurity 51 hours 5900.0
InfoSec Management,SkillsDA,Cybersecurity,52 hours,5900.0,InfoSec Management SkillsDA Cybersecurity 52 hours 5900.0
Application Security - Vulnerability Assessments,SkillsDA,Cybersecurity,51 hours 30 minutes,5900.0,Application Security - Vulnerability Assessments SkillsDA Cybersecurity 51 hours 30 minutes 5900.0
Application Security - Hardening and Deployment Configuration,SkillsDA,Cybersecurity,49 hours 30 minutes,5900.0,Application Security - Hardening and Deployment Configuration SkillsDA Cybersecurity 49 hours 30 minutes 5900.0
Advanced 3D Printing and CAD Modeling,CURIOSITY 3D,3D Printing & Modeling,60 hours,21240.0,Advanced 3D Printing and CAD Modeling CURIOSITY 3D 3D Printing & Modeling 60 hours 21240.0
Design Thinking,WhiteBoard Labs,Innovation and Design Thinking,60 hours,6490.0,Design Thinking WhiteBoard Labs Innovation and Design Thinking 60 hours 6490.0
Advanced Project Management,WhiteBoard Labs,Project Management,135 hours,5900.0,Advanced Project Management WhiteBoard Labs Project Management 135 hours 5900.0
Continuous Learning,WhiteBoard Labs,Continuous Learning,2 hours,236.0,Continuous Learning WhiteBoard Labs Continuous Learning 2 hours 236.0
Digital Transformation,WhiteBoard Labs,Influencing and Negotiation,56 hours,11800.0,Digital Transformation WhiteBoard Labs Influencing and Negotiation 56 hours 11800.0
MS Power BI,WhiteBoard Labs,Big Data Analytics,8 hours,2360.0,MS Power BI WhiteBoard Labs Big Data Analytics 8 hours 2360.0
Business Process Management,WhiteBoard Labs,Continuous Learning,40 hours,1121.0,Business Process Management WhiteBoard Labs Continuous Learning 40 hours 1121.0
Creative Thinking and Innovation,WhiteBoard Labs,Innovation and Design Thinking,40 hours,1770.0,Creative Thinking and Innovation WhiteBoard Labs Innovation and Design Thinking 40 hours 1770.0
Working Smarter with Tech,WhiteBoard Labs,Continuous Learning,25 hours,767.0,Working Smarter with Tech WhiteBoard Labs Continuous Learning 25 hours 767.0
Successfully Managing Change,WhiteBoard Labs,Creative Problem Solving & Critical Thinking,20 hours,1121.0,Successfully Managing Change WhiteBoard Labs Creative Problem Solving & Critical Thinking 20 hours 1121.0
Accurate Internet Research,WhiteBoard Labs,Innovation and Design Thinking,20 hours,590.0,Accurate Internet Research WhiteBoard Labs Innovation and Design Thinking 20 hours 590.0
"Influencing, Negotiation and Persuasion",WhiteBoard Labs,Influencing and Negotiation,48 hours,2950.0,"Influencing, Negotiation and Persuasion WhiteBoard Labs Influencing and Negotiation 48 hours 2950.0"
Collaboration and Teamwork,WhiteBoard Labs,Collaboration & Team Work,10 hours,590.0,Collaboration and Teamwork WhiteBoard Labs Collaboration & Team Work 10 hours 590.0
Effective Communication,WhiteBoard Labs,Effective Communication,16 hours,885.0,Effective Communication WhiteBoard Labs Effective Communication 16 hours 885.0
Problem Solving and Decision Making,WhiteBoard Labs,Creative Problem Solving & Critical Thinking,56 hours,2950.0,Problem Solving and Decision Making WhiteBoard Labs Creative Problem Solving & Critical Thinking 56 hours 2950.0
Critical Thinking,WhiteBoard Labs,Continuous Learning,16 hours,4130.0,Critical Thinking WhiteBoard Labs Continuous Learning 16 hours 4130.0
Social Media Marketing,WhiteBoard Labs,"Web, Mobile Development & Marketing",25 hours,1770.0,"Social Media Marketing WhiteBoard Labs Web, Mobile Development & Marketing 25 hours 1770.0"
Project Planning,WhiteBoard Labs,Project Management,8 hours,590.0,Project Planning WhiteBoard Labs Project Management 8 hours 590.0
Google Ad Words,WhiteBoard Labs,"Web, Mobile Development & Marketing",20 hours,1121.0,"Google Ad Words WhiteBoard Labs Web, Mobile Development & Marketing 20 hours 1121.0"
Six Sigma Dojo,WhiteBoard Labs,Project Management,20 hours,885.0,Six Sigma Dojo WhiteBoard Labs Project Management 20 hours 885.0
"SANS Foundations: Computers, Technology, & Security",Sans Institute,Cybersecurity,120 hours,23600.0,"SANS Foundations: Computers, Technology, & Security Sans Institute Cybersecurity 120 hours 23600.0"
AIOps & Multi-Cloud Engineering,CloudAge Global Services,Artificial Intelligence,144 hours,49560.0,AIOps & Multi-Cloud Engineering CloudAge Global Services Artificial Intelligence 144 hours 49560.0
MuleSoft - Anypoint Platform Development Fundamentals,Salesforce,Cloud Computing,48 hours 10 minutes,0.0,MuleSoft - Anypoint Platform Development Fundamentals Salesforce Cloud Computing 48 hours 10 minutes 0.0
Certification Program in Cybersecurity & Forensics,FACEIN TECHNOLOGIES,Cybersecurity,100 hours,19588.0,Certification Program in Cybersecurity & Forensics FACEIN TECHNOLOGIES Cybersecurity 100 hours 19588.0
Artificial Intelligence: Bootcamp and Certification Program,Tequed Labs,Artificial Intelligence,30 hours,8260.0,Artificial Intelligence: Bootcamp and Certification Program Tequed Labs Artificial Intelligence 30 hours 8260.0
DevOps Certified Professional,QUANTUM LEARNINGS,Artificial Intelligence,50 hours,29500.0,DevOps Certified Professional QUANTUM LEARNINGS Artificial Intelligence 50 hours 29500.0
AWS Cloud Practitioner Program,QUANTUM LEARNINGS,Cloud Computing,50 hours,29500.0,AWS Cloud Practitioner Program QUANTUM LEARNINGS Cloud Computing 50 hours 29500.0
Cyber Security and Ethical Hacking Certified Expert,QUANTUM LEARNINGS,Cybersecurity,50 hours,29500.0,Cyber Security and Ethical Hacking Certified Expert QUANTUM LEARNINGS Cybersecurity 50 hours 29500.0
Cyber Crime Intervention Officer,ISAC,Cybersecurity,26 hours,5900.0,Cyber Crime Intervention Officer ISAC Cybersecurity 26 hours 5900.0
Certificate in Real Time 3D,Scopik Edutech,Augmented Reality & Virtual Reality,150 hours,41300.0,Certificate in Real Time 3D Scopik Edutech Augmented Reality & Virtual Reality 150 hours 41300.0
Java Programming,Naresh I Technologies,"Web, Mobile Development & Marketing",90 hours,4000.0,"Java Programming Naresh I Technologies Web, Mobile Development & Marketing 90 hours 4000.0"
Certified Digital Marketer,STEP,"Web, Mobile Development & Marketing",240 hours,47200.0,"Certified Digital Marketer STEP Web, Mobile Development & Marketing 240 hours 47200.0"
CERTIFIED FULL STACK DEVELOPER,STEP,"Web, Mobile Development & Marketing",200 hours,47200.0,"CERTIFIED FULL STACK DEVELOPER STEP Web, Mobile Development & Marketing 200 hours 47200.0"
Fundamentals of JAVA Full Stack Program,Q Academy,"Web, Mobile Development & Marketing",120 hours,7079.0,"Fundamentals of JAVA Full Stack Program Q Academy Web, Mobile Development & Marketing 120 hours 7079.0"
Fundamentals of Additive Manufacturing Using 3D Printing,CADD Livewire,3D Printing & Modeling,40 hours,11682.0,Fundamentals of Additive Manufacturing Using 3D Printing CADD Livewire 3D Printing & Modeling 40 hours 11682.0
Course on Python,CADD Livewire,"Web, Mobile Development & Marketing",60 hours,17936.0,"Course on Python CADD Livewire Web, Mobile Development & Marketing 60 hours 17936.0"
ServiceNow System Administrator,Service Now,Cloud Computing,24 hours 34 minutes,0.0,ServiceNow System Administrator Service Now Cloud Computing 24 hours 34 minutes 0.0
Certification Program in Applied Artificial Intelligence,Q Academy,Artificial Intelligence,270 hours,23599.0,Certification Program in Applied Artificial Intelligence Q Academy Artificial Intelligence 270 hours 23599.0
Certification Program in Artificial Intelligence Fundamental,Q Academy,Artificial Intelligence,60 hours,5899.0,Certification Program in Artificial Intelligence Fundamental Q Academy Artificial Intelligence 60 hours 5899.0
Program on AI Based Tools for Teaching + Application of ChatGPT in education,QUANTUM LEARNINGS,Artificial Intelligence,7 hours,1770.0,Program on AI Based Tools for Teaching + Application of ChatGPT in education QUANTUM LEARNINGS Artificial Intelligence 7 hours 1770.0
Program in AI Based Digital Tools for Mass Communications,QUANTUM LEARNINGS,Artificial Intelligence,7 hours,1770.0,Program in AI Based Digital Tools for Mass Communications QUANTUM LEARNINGS Artificial Intelligence 7 hours 1770.0
Certificate Program in Digital and Social Media Marketing using ChatGPT and AI Tools,QUANTUM LEARNINGS,Artificial Intelligence,7 hours,1770.0,Certificate Program in Digital and Social Media Marketing using ChatGPT and AI Tools QUANTUM LEARNINGS Artificial Intelligence 7 hours 1770.0
Program in Banking and Finance using AI tools,QUANTUM LEARNINGS,Artificial Intelligence,7 hours,1770.0,Program in Banking and Finance using AI tools QUANTUM LEARNINGS Artificial Intelligence 7 hours 1770.0
Program in Fine Arts using AI Tools,QUANTUM LEARNINGS,Artificial Intelligence,7 hours,1770.0,Program in Fine Arts using AI Tools QUANTUM LEARNINGS Artificial Intelligence 7 hours 1770.0
Financial Modelling using Spreadsheets and ChatGPT,QUANTUM LEARNINGS,Artificial Intelligence,7 hours,1770.0,Financial Modelling using Spreadsheets and ChatGPT QUANTUM LEARNINGS Artificial Intelligence 7 hours 1770.0
Program in Cyber Security using ChatGPT,QUANTUM LEARNINGS,Artificial Intelligence,7 hours,1770.0,Program in Cyber Security using ChatGPT QUANTUM LEARNINGS Artificial Intelligence 7 hours 1770.0
MS Excel using ChatGPT,QUANTUM LEARNINGS,Artificial Intelligence,7 hours,1770.0,MS Excel using ChatGPT QUANTUM LEARNINGS Artificial Intelligence 7 hours 1770.0
Program in Insurance Domain using AI tools,QUANTUM LEARNINGS,Artificial Intelligence,7 hours,1770.0,Program in Insurance Domain using AI tools QUANTUM LEARNINGS Artificial Intelligence 7 hours 1770.0
Financial Accounting using Excel and ChatGPT Tools,QUANTUM LEARNINGS,Artificial Intelligence,7 hours,1770.0,Financial Accounting using Excel and ChatGPT Tools QUANTUM LEARNINGS Artificial Intelligence 7 hours 1770.0
Program in Design using AI tools,QUANTUM LEARNINGS,Artificial Intelligence,7 hours,1770.0,Program in Design using AI tools QUANTUM LEARNINGS Artificial Intelligence 7 hours 1770.0
ChatGPT Expert,QUANTUM LEARNINGS,Artificial Intelligence,7 hours,1770.0,ChatGPT Expert QUANTUM LEARNINGS Artificial Intelligence 7 hours 1770.0
Complete Guide to NLP ChatGPT,CADD Livewire,Artificial Intelligence,44 hours,18762.0,Complete Guide to NLP ChatGPT CADD Livewire Artificial Intelligence 44 hours 18762.0
Software Programmer - Python,NASSCOM,"Web, Mobile Development & Marketing",330 hours,0.0,"Software Programmer - Python NASSCOM Web, Mobile Development & Marketing 330 hours 0.0"
Software Programmer - HTML5,NASSCOM,"Web, Mobile Development & Marketing",330 hours,0.0,"Software Programmer - HTML5 NASSCOM Web, Mobile Development & Marketing 330 hours 0.0"
Software Programmer - Java,NASSCOM,"Web, Mobile Development & Marketing",330 hours,0.0,"Software Programmer - Java NASSCOM Web, Mobile Development & Marketing 330 hours 0.0"
Certified Network Defender (CND),EC-Council,Cybersecurity,40 hours,51919.0,Certified Network Defender (CND) EC-Council Cybersecurity 40 hours 51919.0
Certified Ethical Hacker (CEH),EC-Council,Cybersecurity,40 hours,61359.0,Certified Ethical Hacker (CEH) EC-Council Cybersecurity 40 hours 61359.0
Computer Hacking Forensic Investigator (CHFI),EC-Council,Cybersecurity,40 hours,51919.0,Computer Hacking Forensic Investigator (CHFI) EC-Council Cybersecurity 40 hours 51919.0
Information Security Devices (SKO 0903),Skillup,Cybersecurity,5 hours,4719.0,Information Security Devices (SKO 0903) Skillup Cybersecurity 5 hours 4719.0
Information Security Audits,Skillup,Cybersecurity,5 hours,4719.0,Information Security Audits Skillup Cybersecurity 5 hours 4719.0
Security Incident Response (SKO 0902),Skillup,Cybersecurity,5 hours,4719.0,Security Incident Response (SKO 0902) Skillup Cybersecurity 5 hours 4719.0
Managing Information Security (SKO 0901),Skillup,Cybersecurity,10 hours,4719.0,Managing Information Security (SKO 0901) Skillup Cybersecurity 10 hours 4719.0
"SC-900: Microsoft Security, Compliance, and Identity Fundamentals",Skillup,Cloud Computing,50 hours,13570.0,"SC-900: Microsoft Security, Compliance, and Identity Fundamentals Skillup Cloud Computing 50 hours 13570.0"
Data Science Methodology,Skillup,Artificial Intelligence,10 hours,8731.0,Data Science Methodology Skillup Artificial Intelligence 10 hours 8731.0
Data Analysis with Python,Skillup,Artificial Intelligence,9 hours,8731.0,Data Analysis with Python Skillup Artificial Intelligence 9 hours 8731.0
AZ-204: Developing Solutions for Microsoft Azure,Skillup,Cloud Computing,88 hours,20060.0,AZ-204: Developing Solutions for Microsoft Azure Skillup Cloud Computing 88 hours 20060.0
Foundations of Cybersecurity Program (FOUNDSCSP100),Skillup,Cybersecurity,45 hours,11799.0,Foundations of Cybersecurity Program (FOUNDSCSP100) Skillup Cybersecurity 45 hours 11799.0
Using R with Databases (RP0103EN),Skillup,Artificial Intelligence,10 hours,8731.0,Using R with Databases (RP0103EN) Skillup Artificial Intelligence 10 hours 8731.0
AZ-104: Microsoft Azure Administrator,Skillup,Cloud Computing,80 hours,17700.0,AZ-104: Microsoft Azure Administrator Skillup Cloud Computing 80 hours 17700.0
AZ-900: Microsoft Azure Fundamentals (1 Day),Skillup,Cloud Computing,56 hours,12980.0,AZ-900: Microsoft Azure Fundamentals (1 Day) Skillup Cloud Computing 56 hours 12980.0
Artificial Intelligence Foundations,Skillup,Artificial Intelligence,40 hours,10113.0,Artificial Intelligence Foundations Skillup Artificial Intelligence 40 hours 10113.0
Foundations of Internet of Things (IoT) (FOUNDSIOTP100),Skillup,Internet Of Things,44 hours,11799.0,Foundations of Internet of Things (IoT) (FOUNDSIOTP100) Skillup Internet Of Things 44 hours 11799.0
Preparing for Information Security Audits,Skillup,Cybersecurity,15 hours,4719.0,Preparing for Information Security Audits Skillup Cybersecurity 15 hours 4719.0
IoT Foundation Course SFI201,SkillsDA,Internet Of Things,45 hours,11800.0,IoT Foundation Course SFI201 SkillsDA Internet Of Things 45 hours 11800.0
FOUNDATIONAL COURSE IN CYBER SECURITY (SFC101),SkillsDA,Cybersecurity,45 hours,10620.0,FOUNDATIONAL COURSE IN CYBER SECURITY (SFC101) SkillsDA Cybersecurity 45 hours 10620.0
Certificate Course on Data Science,360DigiTMG,Artificial Intelligence,184 hours,64900.0,Certificate Course on Data Science 360DigiTMG Artificial Intelligence 184 hours 64900.0
IT Automation Engineer,Red Hat,Cloud Computing,96 hours,60180.0,IT Automation Engineer Red Hat Cloud Computing 96 hours 60180.0
Enterprise Application Developer,Red Hat,Cloud Computing,96 hours,32096.0,Enterprise Application Developer Red Hat Cloud Computing 96 hours 32096.0
Linux Desktop Support Engineer,Red Hat,Cloud Computing,64 hours,40120.0,Linux Desktop Support Engineer Red Hat Cloud Computing 64 hours 40120.0
Linux System Administrator,Red Hat,Cloud Computing,64 hours,40120.0,Linux System Administrator Red Hat Cloud Computing 64 hours 40120.0
Cloud Support Engineer,Red Hat,Cloud Computing,64 hours,14042.0,Cloud Support Engineer Red Hat Cloud Computing 64 hours 14042.0
Software Container Specialist,Red Hat,Cloud Computing,64 hours,16402.0,Software Container Specialist Red Hat Cloud Computing 64 hours 16402.0
Data Structures & Algorithms,Accenture,Artificial Intelligence,10 hours,0.0,Data Structures & Algorithms Accenture Artificial Intelligence 10 hours 0.0
Expert Java,Mouktik,"Web, Mobile Development & Marketing",120 hours,16000.0,"Expert Java Mouktik Web, Mobile Development & Marketing 120 hours 16000.0"
Probability and Statistics,Accenture,Artificial Intelligence,30 hours,0.0,Probability and Statistics Accenture Artificial Intelligence 30 hours 0.0
Exploratory Data Analysis,Accenture,Artificial Intelligence,5 hours,0.0,Exploratory Data Analysis Accenture Artificial Intelligence 5 hours 0.0
Data Processing and Visualisation,Accenture,Digital Learning --- Course and Pathways,15 hours,0.0,Data Processing and Visualisation Accenture Digital Learning --- Course and Pathways 15 hours 0.0
Introduction to Blender and Unity Tools,Centurion University of Technology and Management,3D Printing & Modeling,50 hours,17700.0,Introduction to Blender and Unity Tools Centurion University of Technology and Management 3D Printing & Modeling 50 hours 17700.0
Internet of Things,Centurion University of Technology and Management,Internet Of Things,50 hours,17700.0,Internet of Things Centurion University of Technology and Management Internet Of Things 50 hours 17700.0
3D Modelling and Printing,Centurion University of Technology and Management,3D Printing & Modeling,50 hours,17700.0,3D Modelling and Printing Centurion University of Technology and Management 3D Printing & Modeling 50 hours 17700.0
Augmented Reality Application Development (ARAD),VRx Academy,Augmented Reality & Virtual Reality,66 hours,29500.0,Augmented Reality Application Development (ARAD) VRx Academy Augmented Reality & Virtual Reality 66 hours 29500.0
Certificate in Augmented Reality and Virtual Reality,Scopik Edutech,Augmented Reality & Virtual Reality,150 hours,41300.0,Certificate in Augmented Reality and Virtual Reality Scopik Edutech Augmented Reality & Virtual Reality 150 hours 41300.0
Cloud and DevOps Hybrid Training Program,Edureka,Cloud Computing,45 hours,35400.0,Cloud and DevOps Hybrid Training Program Edureka Cloud Computing 45 hours 35400.0
Node.js Certification Training Course,Edureka,"Web, Mobile Development & Marketing",30 hours,20054.0,"Node.js Certification Training Course Edureka Web, Mobile Development & Marketing 30 hours 20054.0"
Full Stack Web Development Hybrid Training Program,Edureka,"Web, Mobile Development & Marketing",45 hours,35400.0,"Full Stack Web Development Hybrid Training Program Edureka Web, Mobile Development & Marketing 45 hours 35400.0"
Data Science Hybrid Training Program,Edureka,Artificial Intelligence,45 hours,35400.0,Data Science Hybrid Training Program Edureka Artificial Intelligence 45 hours 35400.0
Data Science with Python Certification Course,Edureka,Artificial Intelligence,42 hours,25954.0,Data Science with Python Certification Course Edureka Artificial Intelligence 42 hours 25954.0
Blockchain Introductory Program,Indian Blockchain Institute ,Blockchain,6 hours,2478.0,Blockchain Introductory Program Indian Blockchain Institute  Blockchain 6 hours 2478.0
Deep Dive into Decentralized Finance (DeFi),Indian Blockchain Institute ,Blockchain,120 hours,44840.0,Deep Dive into Decentralized Finance (DeFi) Indian Blockchain Institute  Blockchain 120 hours 44840.0
Advance IoT Training & Certification,Technologics Global,Internet Of Things,80 hours,18880.0,Advance IoT Training & Certification Technologics Global Internet Of Things 80 hours 18880.0
Course on Robotic Process Automation (RPA),CADD Livewire,Robotic Process Automation,40 hours,17582.0,Course on Robotic Process Automation (RPA) CADD Livewire Robotic Process Automation 40 hours 17582.0
Course on Blockchain,CADD Livewire,Blockchain,48 hours,27376.0,Course on Blockchain CADD Livewire Blockchain 48 hours 27376.0
Course on Internet of Things,CADD Livewire,Internet Of Things,48 hours,27966.0,Course on Internet of Things CADD Livewire Internet Of Things 48 hours 27966.0
ISAC Certified Forensic Investigator,ISAC,Cybersecurity,68 hours,70799.0,ISAC Certified Forensic Investigator ISAC Cybersecurity 68 hours 70799.0
ISAC Certified Basics of Information Security,ISAC,Cybersecurity,62 hours,34220.0,ISAC Certified Basics of Information Security ISAC Cybersecurity 62 hours 34220.0
ISAC Certified Penetration Tester,ISAC,Cybersecurity,76 hours,70799.0,ISAC Certified Penetration Tester ISAC Cybersecurity 76 hours 70799.0
Data science and Analytics,QUANTUM LEARNINGS,Artificial Intelligence,100 hours,21240.0,Data science and Analytics QUANTUM LEARNINGS Artificial Intelligence 100 hours 21240.0
"Artificial Int, ML & Data Analytics",QUANTUM LEARNINGS,Artificial Intelligence,180 hours,21240.0,"Artificial Int, ML & Data Analytics QUANTUM LEARNINGS Artificial Intelligence 180 hours 21240.0"
DevOps Certification Course,Naresh I Technologies,Artificial Intelligence,90 hours,23600.0,DevOps Certification Course Naresh I Technologies Artificial Intelligence 90 hours 23600.0
Full Stack Web Development,Innomatics,"Web, Mobile Development & Marketing",350 hours,82600.0,"Full Stack Web Development Innomatics Web, Mobile Development & Marketing 350 hours 82600.0"
Advanced Data Science with Python,Innomatics,Artificial Intelligence,530 hours,106200.0,Advanced Data Science with Python Innomatics Artificial Intelligence 530 hours 106200.0
Information Systems Security and Cloud Security Professional,Q Academy,Cybersecurity,80 hours,47200.0,Information Systems Security and Cloud Security Professional Q Academy Cybersecurity 80 hours 47200.0
Introduction to Cyber Security CompTIA Security+ and Certified Ethical Hacker,Q Academy,Cybersecurity,90 hours,53100.0,Introduction to Cyber Security CompTIA Security+ and Certified Ethical Hacker Q Academy Cybersecurity 90 hours 53100.0
Python Fundamental and programming,IACT,Artificial Intelligence,370 hours,13995.0,Python Fundamental and programming IACT Artificial Intelligence 370 hours 13995.0
Data science and machine learning,IACT,Artificial Intelligence,410 hours,13995.0,Data science and machine learning IACT Artificial Intelligence 410 hours 13995.0
Python Programming for Artificial Intelligence,SeventhSense,Artificial Intelligence,23 hours,23600.0,Python Programming for Artificial Intelligence SeventhSense Artificial Intelligence 23 hours 23600.0
"Professional Full Stack Web Development : HTML, CSS, JS, ReactJS",LearnQoch,"Web, Mobile Development & Marketing",400 hours,29500.0,"Professional Full Stack Web Development : HTML, CSS, JS, ReactJS LearnQoch Web, Mobile Development & Marketing 400 hours 29500.0"
Data Analytics with Microsoft Power BI,Lagozon,Artificial Intelligence,35 hours,14159.0,Data Analytics with Microsoft Power BI Lagozon Artificial Intelligence 35 hours 14159.0
Data Analytics with Qlik Sense,Lagozon,Artificial Intelligence,35 hours,14159.0,Data Analytics with Qlik Sense Lagozon Artificial Intelligence 35 hours 14159.0
Data Analytics using Tableau,Lagozon,Artificial Intelligence,35 hours,14159.0,Data Analytics using Tableau Lagozon Artificial Intelligence 35 hours 14159.0
Data Science using Python,Lagozon,Artificial Intelligence,35 hours,16519.0,Data Science using Python Lagozon Artificial Intelligence 35 hours 16519.0
Data Science through Python,Mouktik,Artificial Intelligence,200 hours,18290.0,Data Science through Python Mouktik Artificial Intelligence 200 hours 18290.0
Machine Learning through Python,Mouktik,Artificial Intelligence,200 hours,18290.0,Machine Learning through Python Mouktik Artificial Intelligence 200 hours 18290.0
Machine Learning - Foundation,Mouktik,Artificial Intelligence,60 hours,9440.0,Machine Learning - Foundation Mouktik Artificial Intelligence 60 hours 9440.0
Aiwozo RPA Developer,Aiwozo,Robotic Process Automation,120 hours,0.0,Aiwozo RPA Developer Aiwozo Robotic Process Automation 120 hours 0.0
Ethical Behaviour with Colleagues and Clients,TalentQuest,Continuous Learning,1 hour 15 minutes,1179.0,Ethical Behaviour with Colleagues and Clients TalentQuest Continuous Learning 1 hour 15 minutes 1179.0
Convincing Others to Take Appropriate Actions in Different Situations,TalentQuest,Continuous Learning,1 hour,1179.0,Convincing Others to Take Appropriate Actions in Different Situations TalentQuest Continuous Learning 1 hour 1179.0
Defining a Clear Strategic Outlook and Empowering the Team,TalentQuest,Continuous Learning,1 hour,1179.0,Defining a Clear Strategic Outlook and Empowering the Team TalentQuest Continuous Learning 1 hour 1179.0
Managing Team Performance to Achieve Team Goals and Success,TalentQuest,Continuous Learning,1 hour 15 minutes,1179.0,Managing Team Performance to Achieve Team Goals and Success TalentQuest Continuous Learning 1 hour 15 minutes 1179.0
Certified Blockchain Developer,IDS,Blockchain,56 hours 43 minutes,18000.0,Certified Blockchain Developer IDS Blockchain 56 hours 43 minutes 18000.0
Certified Hyperledger Developer,IDS,Blockchain,35 hours 50 minutes,14161.0,Certified Hyperledger Developer IDS Blockchain 35 hours 50 minutes 14161.0
Certified Ethereum Developer,IDS,Blockchain,45 hours 18 minutes,14160.0,Certified Ethereum Developer IDS Blockchain 45 hours 18 minutes 14160.0
Certified Usability Analyst,HFI,"Web, Mobile Development & Marketing",80 hours,151701.0,"Certified Usability Analyst HFI Web, Mobile Development & Marketing 80 hours 151701.0"
TruBot Designer,Datamatics,Robotic Process Automation,4 hours 20 minutes,0.0,TruBot Designer Datamatics Robotic Process Automation 4 hours 20 minutes 0.0
TruBot Cockpit,Datamatics,Robotic Process Automation,2 hours 20 minutes,0.0,TruBot Cockpit Datamatics Robotic Process Automation 2 hours 20 minutes 0.0
Google Cloud Computing Foundations with Kubernetes,Google,Cloud Computing,62 hours,0.0,Google Cloud Computing Foundations with Kubernetes Google Cloud Computing 62 hours 0.0
Selenium Test Engineer,Naresh I Technologies,"Web, Mobile Development & Marketing",120 hours,11800.0,"Selenium Test Engineer Naresh I Technologies Web, Mobile Development & Marketing 120 hours 11800.0"
AWS Solutions Architect Associate,Naresh I Technologies,Cloud Computing,120 hours,14160.0,AWS Solutions Architect Associate Naresh I Technologies Cloud Computing 120 hours 14160.0
Cyber Security Professional,DataMites,Cybersecurity,40 hours,110920.0,Cyber Security Professional DataMites Cybersecurity 40 hours 110920.0
Certified Data Scientist,DataMites,Artificial Intelligence,100 hours,103840.0,Certified Data Scientist DataMites Artificial Intelligence 100 hours 103840.0
Certified Data Engineer,DataMites,Artificial Intelligence,40 hours,51920.0,Certified Data Engineer DataMites Artificial Intelligence 40 hours 51920.0
Artificial-Intelligence-Engineer (AIE),DataMites,Artificial Intelligence,120 hours,129800.0,Artificial-Intelligence-Engineer (AIE) DataMites Artificial Intelligence 120 hours 129800.0
Certified Digital Marketing Masters - CDMM,Digital Vidya,"Web, Mobile Development & Marketing",120 hours,76700.0,"Certified Digital Marketing Masters - CDMM Digital Vidya Web, Mobile Development & Marketing 120 hours 76700.0"
Certification Course on Internet of Things (Expert Level),Qmansys,Internet Of Things,80 hours,16520.0,Certification Course on Internet of Things (Expert Level) Qmansys Internet Of Things 80 hours 16520.0
Python Fundamentals,360DigiTMG,Artificial Intelligence,20 hours,0.0,Python Fundamentals 360DigiTMG Artificial Intelligence 20 hours 0.0
RPA Using UiPath Course,Henry Harvin,Robotic Process Automation,32 hours,15000.0,RPA Using UiPath Course Henry Harvin Robotic Process Automation 32 hours 15000.0
Tableau Course,Henry Harvin,Artificial Intelligence,32 hours,15000.0,Tableau Course Henry Harvin Artificial Intelligence 32 hours 15000.0
Aiwozo RPA Solution Architect,Aiwozo,Robotic Process Automation,15 hours,0.0,Aiwozo RPA Solution Architect Aiwozo Robotic Process Automation 15 hours 0.0
Aiwozo RPA Business Analyst,Aiwozo,Robotic Process Automation,16 hours,0.0,Aiwozo RPA Business Analyst Aiwozo Robotic Process Automation 16 hours 0.0
Endpoint Security Specialist,ICSS,Cybersecurity,30 hours,11800.0,Endpoint Security Specialist ICSS Cybersecurity 30 hours 11800.0
Digital Forensics,ICSS,Cybersecurity,30 hours,11800.0,Digital Forensics ICSS Cybersecurity 30 hours 11800.0
Security Infrastructure Specialist,ICSS,Cybersecurity,30 hours,11800.0,Security Infrastructure Specialist ICSS Cybersecurity 30 hours 11800.0
Basic Networking,CRAW,Cybersecurity,60 hours,11800.0,Basic Networking CRAW Cybersecurity 60 hours 11800.0
Learning Path in Full Stack Development,Board Infinity,"Web, Mobile Development & Marketing",150 hours,118000.0,"Learning Path in Full Stack Development Board Infinity Web, Mobile Development & Marketing 150 hours 118000.0"
Certified Ethereum Developer Program,Indian Blockchain Institute ,Blockchain,60 hours,12980.0,Certified Ethereum Developer Program Indian Blockchain Institute  Blockchain 60 hours 12980.0
Data Science for Beginners,Board Infinity,Artificial Intelligence,30 hours,0.0,Data Science for Beginners Board Infinity Artificial Intelligence 30 hours 0.0
Masters Program in Data Science,ExcelR ,Artificial Intelligence,240 hours,53217.0,Masters Program in Data Science ExcelR  Artificial Intelligence 240 hours 53217.0
Develop Your Leadership Voice,EdMyst ,Effective Communication,4 hours 30 minutes,16520.0,Develop Your Leadership Voice EdMyst  Effective Communication 4 hours 30 minutes 16520.0
Endpoint Security,CRAW,Cybersecurity,60 hours,11800.0,Endpoint Security CRAW Cybersecurity 60 hours 11800.0
Web Application Security,CRAW,Cybersecurity,60 hours,11800.0,Web Application Security CRAW Cybersecurity 60 hours 11800.0
Advanced Penetration Testing,CRAW,Cybersecurity,60 hours,11800.0,Advanced Penetration Testing CRAW Cybersecurity 60 hours 11800.0
AWS Cloud Security,CRAW,Cloud Computing,60 hours,11800.0,AWS Cloud Security CRAW Cloud Computing 60 hours 11800.0
Ethical Hacking,CRAW,Cybersecurity,60 hours,11800.0,Ethical Hacking CRAW Cybersecurity 60 hours 11800.0
Mobile Application Security,CRAW,Cybersecurity,60 hours,11800.0,Mobile Application Security CRAW Cybersecurity 60 hours 11800.0
Cyber Forensics Investigation,CRAW,Cybersecurity,60 hours,11800.0,Cyber Forensics Investigation CRAW Cybersecurity 60 hours 11800.0
Python Programming,CRAW,Artificial Intelligence,60 hours,11800.0,Python Programming CRAW Artificial Intelligence 60 hours 11800.0
AWS Associate,CRAW,Cloud Computing,60 hours,11800.0,AWS Associate CRAW Cloud Computing 60 hours 11800.0
IoT Penetration Testing,CRAW,Internet Of Things,60 hours,11800.0,IoT Penetration Testing CRAW Internet Of Things 60 hours 11800.0
Learning Path in Data Science,Board Infinity,Artificial Intelligence,200 hours,99999.0,Learning Path in Data Science Board Infinity Artificial Intelligence 200 hours 99999.0
Certificate in Cybersecurity,Skills Factory Learning,Cybersecurity,43 hours,5899.0,Certificate in Cybersecurity Skills Factory Learning Cybersecurity 43 hours 5899.0
Data Science 360,AnalytixLabs,Artificial Intelligence,565 hours,61360.0,Data Science 360 AnalytixLabs Artificial Intelligence 565 hours 61360.0
Python Developer,Naresh I Technologies,Artificial Intelligence,140 hours,14160.0,Python Developer Naresh I Technologies Artificial Intelligence 140 hours 14160.0
Certification Course in AR & VR,BackStage Pass,Augmented Reality & Virtual Reality,275 hours,88500.0,Certification Course in AR & VR BackStage Pass Augmented Reality & Virtual Reality 275 hours 88500.0
Strategic Planning Under Uncertainty,Global Gyan,Digital Leadership,2 hours,1770.0,Strategic Planning Under Uncertainty Global Gyan Digital Leadership 2 hours 1770.0
Creating a Positive First Impression,Global Gyan,Effective Communication,45 minutes,500.0,Creating a Positive First Impression Global Gyan Effective Communication 45 minutes 500.0
Interview Friendly Digital Presence,Global Gyan,Effective Communication,45 minutes,300.0,Interview Friendly Digital Presence Global Gyan Effective Communication 45 minutes 300.0
Being Interview Ready,Global Gyan,Effective Communication,45 minutes,300.0,Being Interview Ready Global Gyan Effective Communication 45 minutes 300.0
Preparation for Interview,Global Gyan,Effective Communication,45 minutes,300.0,Preparation for Interview Global Gyan Effective Communication 45 minutes 300.0
Product Lifecycle Management,Global Gyan,Product Management,3 hours,2360.0,Product Lifecycle Management Global Gyan Product Management 3 hours 2360.0
Stepping into Program Management,Global Gyan,Program Management,3 hours,2360.0,Stepping into Program Management Global Gyan Program Management 3 hours 2360.0
Business Analytics Program,Global Gyan,Project Management,3 hours,2360.0,Business Analytics Program Global Gyan Project Management 3 hours 2360.0
Business Models in Isolation Economy,Global Gyan,Digital Leadership,3 hours,1180.0,Business Models in Isolation Economy Global Gyan Digital Leadership 3 hours 1180.0
Fundamentals of Finance,Global Gyan,Project Management,3 hours,1180.0,Fundamentals of Finance Global Gyan Project Management 3 hours 1180.0
Managing Teams,Global Gyan,Collaboration & Team Work,3 hours,2360.0,Managing Teams Global Gyan Collaboration & Team Work 3 hours 2360.0
Understanding & Managing Stakeholders,Global Gyan,Collaboration & Team Work,3 hours,1180.0,Understanding & Managing Stakeholders Global Gyan Collaboration & Team Work 3 hours 1180.0
Build Customer Trust During Crisis,Global Gyan,Influencing and Negotiation,2 hours,1770.0,Build Customer Trust During Crisis Global Gyan Influencing and Negotiation 2 hours 1770.0
Being A Trusted Partner to Clients,Global Gyan,Influencing and Negotiation,3 hours,3540.0,Being A Trusted Partner to Clients Global Gyan Influencing and Negotiation 3 hours 3540.0
Make Presentations Like A Pro,Global Gyan,Effective Communication,2 hours,1180.0,Make Presentations Like A Pro Global Gyan Effective Communication 2 hours 1180.0
Azure Security Engineer Associate (AZ-500) Course by Microsoft (App Development),Microsoft,Cloud Computing,22 hours 48 minutes,0.0,Azure Security Engineer Associate (AZ-500) Course by Microsoft (App Development) Microsoft Cloud Computing 22 hours 48 minutes 0.0
Operating Systems & Shell Scripting,Accenture,Software Tools and Programming Languages,6 hours,0.0,Operating Systems & Shell Scripting Accenture Software Tools and Programming Languages 6 hours 0.0
SQL Fundamentals,Accenture,Software Tools and Programming Languages,8 hours,0.0,SQL Fundamentals Accenture Software Tools and Programming Languages 8 hours 0.0
Python Basics,Accenture,Software Tools and Programming Languages,8 hours,0.0,Python Basics Accenture Software Tools and Programming Languages 8 hours 0.0
Acquiring Data,Accenture,Artificial Intelligence,10 hours,0.0,Acquiring Data Accenture Artificial Intelligence 10 hours 0.0
Digital And SaaS For Product Manager,IPL,Product Management,6 hours,8260.0,Digital And SaaS For Product Manager IPL Product Management 6 hours 8260.0
Agile Product Management,IPL,Product Management,6 hours,8260.0,Agile Product Management IPL Product Management 6 hours 8260.0
User Experience & Design (UI/UX) Fundamentals,IPL,Product Management,8 hours,8260.0,User Experience & Design (UI/UX) Fundamentals IPL Product Management 8 hours 8260.0
Design Thinking for Business Leaders,IPL,Innovation and Design Thinking,4 hours,8260.0,Design Thinking for Business Leaders IPL Innovation and Design Thinking 4 hours 8260.0
Salesforce Developer Catalyst,Salesforce,Cloud Computing,58 hours 45 minutes,0.0,Salesforce Developer Catalyst Salesforce Cloud Computing 58 hours 45 minutes 0.0
Cloud Masterclass - Cloud Practitioner Essentials,AWS,Cloud Computing,8 hours 40 minutes,0.0,Cloud Masterclass - Cloud Practitioner Essentials AWS Cloud Computing 8 hours 40 minutes 0.0
AWS Cloud Masterclass - Discovery Day,AWS,Cloud Computing,3 hours,0.0,AWS Cloud Masterclass - Discovery Day AWS Cloud Computing 3 hours 0.0
Full Stack Data Science and AI Program,Naresh I Technologies,Artificial Intelligence,300 hours,15000.0,Full Stack Data Science and AI Program Naresh I Technologies Artificial Intelligence 300 hours 15000.0
Full Stack Java Developer Program,Naresh I Technologies,"Web, Mobile Development & Marketing",600 hours,12001.0,"Full Stack Java Developer Program Naresh I Technologies Web, Mobile Development & Marketing 600 hours 12001.0"
